title,slug,section,content,references,subtopics,relatedTopics,relatedCases
"Ailevi Akdeniz Ateşi ve Diğer Otoenflamatuvar Hastalıklar","rheumatology--ailevi-akdeniz-atesi-otoenflamatuvar","en","","","","",""
"Akut Romatizmal Ateş","rheumatology--akut-romatizmal-ates","en","","","","",""
"Antifosfolipid Sendromu (APS)","rheumatology--antifosfolipid-sendromu","en","","","","",""
"Behçet Hastalığı","rheumatology--behcet","en","","","","",""
"Gut ve Diğer Kristal Artropatileri","rheumatology--gut-ve-diger-kristal-artropatileri","en","","","","",""
"IgG4-İlişkili Hastalık","rheumatology--igg4-iliskili-hastalik","en","","","","",""
"Osteoartrit","rheumatology--osteoartrit","en","","","","",""
"Romatoid Artrit (RA)","rheumatology--rheumatoid-arthritis","en","","","","",""
"Sarkoidoz","rheumatology--sarkoidoz","en","","","","",""
"Sistemik Lupus Eritematozus (SLE)","rheumatology--sistemik-lupus-eritematozus","en","","","","",""
"Sjögren Hastalığı","rheumatology--sjogrens-hastaligi","en","","","","",""
"Sistemik Lupus Eritematozus (SLE)","rheumatology--sle","en","","","","",""
"Spondiloartrit","rheumatology--spondiloartrit","en","","","","",""
"Sistemik Skleroz (Skleroderma)","rheumatology--systemic-sclerosis","en","","","","",""
"Tekrarlayan Polikondrit","rheumatology--tekrarlayan-polikondrit","en","","","","",""
"Vaskülit Sendromları","rheumatology--vaskulit-sindromlari","en","","","","",""
"page.tsx — endokrinoloji","page-tsx--endokrinoloji","endokrinoloji","","","","",""
"adrenal-korteks-bozukluklari","adrenal-korteks-bozukluklari","endokrinoloji","","","","",""
"Adrenal Korteks Bozuklukları — Ayırıcı Tanı","adrenal-korteks-bozukluklari--ayirici-tani","endokrinoloji","","","","",""
"Adrenal Korteks Bozuklukları — Epidemiyoloji","adrenal-korteks-bozukluklari--epidemiyoloji","endokrinoloji","","","","",""
"Adrenal Korteks Bozuklukları — Genel Bakış","adrenal-korteks-bozukluklari--genel-bakis","endokrinoloji","","","","",""
"Adrenal Korteks Bozuklukları — Klinik Bulgular","adrenal-korteks-bozukluklari--klinik-bulgular","endokrinoloji","","","","",""
"Adrenal Korteks Bozuklukları — Komorbiditeler ve Komplikasyonlar","adrenal-korteks-bozukluklari--komorbidite-komplikasyon","endokrinoloji","","","","",""
"Adrenal Korteks Bozuklukları — Laboratuvar ve Görüntüleme","adrenal-korteks-bozukluklari--laboratuvar-goruntuleme","endokrinoloji","","","","",""
"Adrenal Korteks Bozuklukları — Özel Durumlar","adrenal-korteks-bozukluklari--ozel-durumlar","endokrinoloji","","","","",""
"Adrenal Korteks Bozuklukları — Patogenez / Fizyoloji","adrenal-korteks-bozukluklari--patogenez","endokrinoloji","","","","",""
"Adrenal Korteks Bozuklukları — Sınıflama ve Tanı Kriterleri","adrenal-korteks-bozukluklari--siniflama-tani-kriterleri","endokrinoloji","","","","",""
"Adrenal Korteks Bozuklukları — Tedavi Yaklaşımı","adrenal-korteks-bozukluklari--tedavi-yaklasimi","endokrinoloji","","","","",""
"endokrin-hastaliklara-yaklasim","endokrin-hastaliklara-yaklasim","endokrinoloji","","","","",""
"Endokrin Hastalıklara Yaklaşım — Ayırıcı Tanı","endokrin-hastaliklara-yaklasim--ayirici-tani","endokrinoloji","","","","",""
"Endokrin Hastalıklara Yaklaşım — Epidemiyoloji","endokrin-hastaliklara-yaklasim--epidemiyoloji","endokrinoloji","","","","",""
"Endokrin Hastalıklara Yaklaşım — Genel Bakış","endokrin-hastaliklara-yaklasim--genel-bakis","endokrinoloji","","","","",""
"Endokrin Hastalıklara Yaklaşım — Klinik Bulgular","endokrin-hastaliklara-yaklasim--klinik-bulgular","endokrinoloji","","","","",""
"Endokrin Hastalıklara Yaklaşım — Komorbiditeler ve Komplikasyonlar","endokrin-hastaliklara-yaklasim--komorbidite-komplikasyon","endokrinoloji","","","","",""
"Endokrin Hastalıklara Yaklaşım — Laboratuvar ve Görüntüleme","endokrin-hastaliklara-yaklasim--laboratuvar-goruntuleme","endokrinoloji","","","","",""
"Endokrin Hastalıklara Yaklaşım — Özel Durumlar","endokrin-hastaliklara-yaklasim--ozel-durumlar","endokrinoloji","","","","",""
"Endokrin Hastalıklara Yaklaşım — Patogenez / Fizyoloji","endokrin-hastaliklara-yaklasim--patogenez","endokrinoloji","","","","",""
"Endokrin Hastalıklara Yaklaşım — Sınıflama ve Tanı Kriterleri","endokrin-hastaliklara-yaklasim--siniflama-tani-kriterleri","endokrinoloji","","","","",""
"Endokrin Hastalıklara Yaklaşım — Tedavi Yaklaşımı","endokrin-hastaliklara-yaklasim--tedavi-yaklasimi","endokrinoloji","","","","",""
"feokromositoma-ve-ppgl","feokromositoma-ve-ppgl","endokrinoloji","","","","",""
"Feokromositoma ve PPGL — Ayırıcı Tanı","feokromositoma-ve-ppgl--ayirici-tani","endokrinoloji","","","","",""
"Feokromositoma ve PPGL — Epidemiyoloji","feokromositoma-ve-ppgl--epidemiyoloji","endokrinoloji","","","","",""
"Feokromositoma ve PPGL — Genel Bakış","feokromositoma-ve-ppgl--genel-bakis","endokrinoloji","","","","",""
"Feokromositoma ve PPGL — Klinik Bulgular","feokromositoma-ve-ppgl--klinik-bulgular","endokrinoloji","","","","",""
"Feokromositoma ve PPGL — Komorbiditeler ve Komplikasyonlar","feokromositoma-ve-ppgl--komorbidite-komplikasyon","endokrinoloji","","","","",""
"Feokromositoma ve PPGL — Laboratuvar ve Görüntüleme","feokromositoma-ve-ppgl--laboratuvar-goruntuleme","endokrinoloji","","","","",""
"Feokromositoma ve PPGL — Özel Durumlar","feokromositoma-ve-ppgl--ozel-durumlar","endokrinoloji","","","","",""
"Feokromositoma ve PPGL — Patogenez / Fizyoloji","feokromositoma-ve-ppgl--patogenez","endokrinoloji","","","","",""
"Feokromositoma ve PPGL — Sınıflama ve Tanı Kriterleri","feokromositoma-ve-ppgl--siniflama-tani-kriterleri","endokrinoloji","","","","",""
"Feokromositoma ve PPGL — Tedavi Yaklaşımı","feokromositoma-ve-ppgl--tedavi-yaklasimi","endokrinoloji","","","","",""
"hipofiz-hormonlari-ve-bozukluklari","hipofiz-hormonlari-ve-bozukluklari","endokrinoloji","","","","",""
"Hipofiz Hormonları ve Bozuklukları — Ayırıcı Tanı","hipofiz-hormonlari-ve-bozukluklari--ayirici-tani","endokrinoloji","","","","",""
"Hipofiz Hormonları ve Bozuklukları — Epidemiyoloji","hipofiz-hormonlari-ve-bozukluklari--epidemiyoloji","endokrinoloji","","","","",""
"Hipofiz Hormonları ve Bozuklukları — Genel Bakış","hipofiz-hormonlari-ve-bozukluklari--genel-bakis","endokrinoloji","","","","",""
"Hipofiz Hormonları ve Bozuklukları — Klinik Bulgular","hipofiz-hormonlari-ve-bozukluklari--klinik-bulgular","endokrinoloji","","","","",""
"Hipofiz Hormonları ve Bozuklukları — Komorbiditeler ve Komplikasyonlar","hipofiz-hormonlari-ve-bozukluklari--komorbidite-komplikasyon","endokrinoloji","","","","",""
"Hipofiz Hormonları ve Bozuklukları — Laboratuvar ve Görüntüleme","hipofiz-hormonlari-ve-bozukluklari--laboratuvar-goruntuleme","endokrinoloji","","","","",""
"Hipofiz Hormonları ve Bozuklukları — Özel Durumlar","hipofiz-hormonlari-ve-bozukluklari--ozel-durumlar","endokrinoloji","","","","",""
"Hipofiz Hormonları ve Bozuklukları — Patogenez / Fizyoloji","hipofiz-hormonlari-ve-bozukluklari--patogenez","endokrinoloji","","","","",""
"Hipofiz Hormonları ve Bozuklukları — Sınıflama ve Tanı Kriterleri","hipofiz-hormonlari-ve-bozukluklari--siniflama-tani-kriterleri","endokrinoloji","","","","",""
"Hipofiz Hormonları ve Bozuklukları — Tedavi Yaklaşımı","hipofiz-hormonlari-ve-bozukluklari--tedavi-yaklasimi","endokrinoloji","","","","",""
"hipopituitarizm-ve-hiperprolaktinemi","hipopituitarizm-ve-hiperprolaktinemi","endokrinoloji","","","","",""
"Hipopituitarizm ve Hiperprolaktinemi — Ayırıcı Tanı","hipopituitarizm-ve-hiperprolaktinemi--ayirici-tani","endokrinoloji","","","","",""
"Hipopituitarizm ve Hiperprolaktinemi — Epidemiyoloji","hipopituitarizm-ve-hiperprolaktinemi--epidemiyoloji","endokrinoloji","","","","",""
"Hipopituitarizm ve Hiperprolaktinemi — Genel Bakış","hipopituitarizm-ve-hiperprolaktinemi--genel-bakis","endokrinoloji","","","","",""
"Hipopituitarizm ve Hiperprolaktinemi — Klinik Bulgular","hipopituitarizm-ve-hiperprolaktinemi--klinik-bulgular","endokrinoloji","","","","",""
"Hipopituitarizm ve Hiperprolaktinemi — Komorbiditeler ve Komplikasyonlar","hipopituitarizm-ve-hiperprolaktinemi--komorbidite-komplikasyon","endokrinoloji","","","","",""
"Hipopituitarizm ve Hiperprolaktinemi — Laboratuvar ve Görüntüleme","hipopituitarizm-ve-hiperprolaktinemi--laboratuvar-goruntuleme","endokrinoloji","","","","",""
"Hipopituitarizm ve Hiperprolaktinemi — Özel Durumlar","hipopituitarizm-ve-hiperprolaktinemi--ozel-durumlar","endokrinoloji","","","","",""
"Hipopituitarizm ve Hiperprolaktinemi — Patogenez / Fizyoloji","hipopituitarizm-ve-hiperprolaktinemi--patogenez","endokrinoloji","","","","",""
"Hipopituitarizm ve Hiperprolaktinemi — Sınıflama ve Tanı Kriterleri","hipopituitarizm-ve-hiperprolaktinemi--siniflama-tani-kriterleri","endokrinoloji","","","","",""
"Hipopituitarizm ve Hiperprolaktinemi — Tedavi Yaklaşımı","hipopituitarizm-ve-hiperprolaktinemi--tedavi-yaklasimi","endokrinoloji","","","","",""
"multiple-endokrin-neoplaziler-men","multiple-endokrin-neoplaziler-men","endokrinoloji","","","","",""
"Multiple Endokrin Neoplaziler (MEN) — Ayırıcı Tanı","multiple-endokrin-neoplaziler-men--ayirici-tani","endokrinoloji","","","","",""
"Multiple Endokrin Neoplaziler (MEN) — Epidemiyoloji","multiple-endokrin-neoplaziler-men--epidemiyoloji","endokrinoloji","","","","",""
"Multiple Endokrin Neoplaziler (MEN) — Genel Bakış","multiple-endokrin-neoplaziler-men--genel-bakis","endokrinoloji","","","","",""
"Multiple Endokrin Neoplaziler (MEN) — Klinik Bulgular","multiple-endokrin-neoplaziler-men--klinik-bulgular","endokrinoloji","","","","",""
"Multiple Endokrin Neoplaziler (MEN) — Komorbiditeler ve Komplikasyonlar","multiple-endokrin-neoplaziler-men--komorbidite-komplikasyon","endokrinoloji","","","","",""
"Multiple Endokrin Neoplaziler (MEN) — Laboratuvar ve Görüntüleme","multiple-endokrin-neoplaziler-men--laboratuvar-goruntuleme","endokrinoloji","","","","",""
"Multiple Endokrin Neoplaziler (MEN) — Özel Durumlar","multiple-endokrin-neoplaziler-men--ozel-durumlar","endokrinoloji","","","","",""
"Multiple Endokrin Neoplaziler (MEN) — Patogenez / Fizyoloji","multiple-endokrin-neoplaziler-men--patogenez","endokrinoloji","","","","",""
"Multiple Endokrin Neoplaziler (MEN) — Sınıflama ve Tanı Kriterleri","multiple-endokrin-neoplaziler-men--siniflama-tani-kriterleri","endokrinoloji","","","","",""
"Multiple Endokrin Neoplaziler (MEN) — Tedavi Yaklaşımı","multiple-endokrin-neoplaziler-men--tedavi-yaklasimi","endokrinoloji","","","","",""
"otoimmun-poliyendokrin-sendromlar","otoimmun-poliyendokrin-sendromlar","endokrinoloji","","","","",""
"Otoimmün Poliyendokrin Sendromlar — Ayırıcı Tanı","otoimmun-poliyendokrin-sendromlar--ayirici-tani","endokrinoloji","","","","",""
"Otoimmün Poliyendokrin Sendromlar — Epidemiyoloji","otoimmun-poliyendokrin-sendromlar--epidemiyoloji","endokrinoloji","","","","",""
"Otoimmün Poliyendokrin Sendromlar — Genel Bakış","otoimmun-poliyendokrin-sendromlar--genel-bakis","endokrinoloji","","","","",""
"Otoimmün Poliyendokrin Sendromlar — Klinik Bulgular","otoimmun-poliyendokrin-sendromlar--klinik-bulgular","endokrinoloji","","","","",""
"Otoimmün Poliyendokrin Sendromlar — Komorbiditeler ve Komplikasyonlar","otoimmun-poliyendokrin-sendromlar--komorbidite-komplikasyon","endokrinoloji","","","","",""
"Otoimmün Poliyendokrin Sendromlar — Laboratuvar ve Görüntüleme","otoimmun-poliyendokrin-sendromlar--laboratuvar-goruntuleme","endokrinoloji","","","","",""
"Otoimmün Poliyendokrin Sendromlar — Özel Durumlar","otoimmun-poliyendokrin-sendromlar--ozel-durumlar","endokrinoloji","","","","",""
"Otoimmün Poliyendokrin Sendromlar — Patogenez / Fizyoloji","otoimmun-poliyendokrin-sendromlar--patogenez","endokrinoloji","","","","",""
"Otoimmün Poliyendokrin Sendromlar — Sınıflama ve Tanı Kriterleri","otoimmun-poliyendokrin-sendromlar--siniflama-tani-kriterleri","endokrinoloji","","","","",""
"Otoimmün Poliyendokrin Sendromlar — Tedavi Yaklaşımı","otoimmun-poliyendokrin-sendromlar--tedavi-yaklasimi","endokrinoloji","","","","",""
"seks-ve-ureme-sagligi-endokrin","seks-ve-ureme-sagligi-endokrin","endokrinoloji","","","","",""
"Cinsiyet ve Üreme Endokrinolojisi (Özet) — Ayırıcı Tanı","seks-ve-ureme-sagligi-endokrin--ayirici-tani","endokrinoloji","","","","",""
"Cinsiyet ve Üreme Endokrinolojisi (Özet) — Epidemiyoloji","seks-ve-ureme-sagligi-endokrin--epidemiyoloji","endokrinoloji","","","","",""
"Cinsiyet ve Üreme Endokrinolojisi (Özet) — Genel Bakış","seks-ve-ureme-sagligi-endokrin--genel-bakis","endokrinoloji","","","","",""
"Cinsiyet ve Üreme Endokrinolojisi (Özet) — Klinik Bulgular","seks-ve-ureme-sagligi-endokrin--klinik-bulgular","endokrinoloji","","","","",""
"Cinsiyet ve Üreme Endokrinolojisi (Özet) — Komorbiditeler ve Komplikasyonlar","seks-ve-ureme-sagligi-endokrin--komorbidite-komplikasyon","endokrinoloji","","","","",""
"Cinsiyet ve Üreme Endokrinolojisi (Özet) — Laboratuvar ve Görüntüleme","seks-ve-ureme-sagligi-endokrin--laboratuvar-goruntuleme","endokrinoloji","","","","",""
"Cinsiyet ve Üreme Endokrinolojisi (Özet) — Özel Durumlar","seks-ve-ureme-sagligi-endokrin--ozel-durumlar","endokrinoloji","","","","",""
"Cinsiyet ve Üreme Endokrinolojisi (Özet) — Patogenez / Fizyoloji","seks-ve-ureme-sagligi-endokrin--patogenez","endokrinoloji","","","","",""
"Cinsiyet ve Üreme Endokrinolojisi (Özet) — Sınıflama ve Tanı Kriterleri","seks-ve-ureme-sagligi-endokrin--siniflama-tani-kriterleri","endokrinoloji","","","","",""
"Cinsiyet ve Üreme Endokrinolojisi (Özet) — Tedavi Yaklaşımı","seks-ve-ureme-sagligi-endokrin--tedavi-yaklasimi","endokrinoloji","","","","",""
"tiroid-hastaliklari-hipo-hiper","tiroid-hastaliklari-hipo-hiper","endokrinoloji","","","","",""
"Tiroid Hastalıkları (Hipo/Hiper) — Ayırıcı Tanı","tiroid-hastaliklari-hipo-hiper--ayirici-tani","endokrinoloji","","","","",""
"Tiroid Hastalıkları (Hipo/Hiper) — Epidemiyoloji","tiroid-hastaliklari-hipo-hiper--epidemiyoloji","endokrinoloji","","","","",""
"Tiroid Hastalıkları (Hipo/Hiper) — Genel Bakış","tiroid-hastaliklari-hipo-hiper--genel-bakis","endokrinoloji","","","","",""
"Tiroid Hastalıkları (Hipo/Hiper) — Klinik Bulgular","tiroid-hastaliklari-hipo-hiper--klinik-bulgular","endokrinoloji","","","","",""
"Tiroid Hastalıkları (Hipo/Hiper) — Komorbiditeler ve Komplikasyonlar","tiroid-hastaliklari-hipo-hiper--komorbidite-komplikasyon","endokrinoloji","","","","",""
"Tiroid Hastalıkları (Hipo/Hiper) — Laboratuvar ve Görüntüleme","tiroid-hastaliklari-hipo-hiper--laboratuvar-goruntuleme","endokrinoloji","","","","",""
"Tiroid Hastalıkları (Hipo/Hiper) — Özel Durumlar","tiroid-hastaliklari-hipo-hiper--ozel-durumlar","endokrinoloji","","","","",""
"Tiroid Hastalıkları (Hipo/Hiper) — Patogenez / Fizyoloji","tiroid-hastaliklari-hipo-hiper--patogenez","endokrinoloji","","","","",""
"Tiroid Hastalıkları (Hipo/Hiper) — Sınıflama ve Tanı Kriterleri","tiroid-hastaliklari-hipo-hiper--siniflama-tani-kriterleri","endokrinoloji","","","","",""
"Tiroid Hastalıkları (Hipo/Hiper) — Tedavi Yaklaşımı","tiroid-hastaliklari-hipo-hiper--tedavi-yaklasimi","endokrinoloji","","","","",""
"tiroid-nodulu-ve-karsinom","tiroid-nodulu-ve-karsinom","endokrinoloji","","","","",""
"Tiroid Nodülü ve Karsinom — Ayırıcı Tanı","tiroid-nodulu-ve-karsinom--ayirici-tani","endokrinoloji","","","","",""
"Tiroid Nodülü ve Karsinom — Epidemiyoloji","tiroid-nodulu-ve-karsinom--epidemiyoloji","endokrinoloji","","","","",""
"Tiroid Nodülü ve Karsinom — Genel Bakış","tiroid-nodulu-ve-karsinom--genel-bakis","endokrinoloji","","","","",""
"Tiroid Nodülü ve Karsinom — Klinik Bulgular","tiroid-nodulu-ve-karsinom--klinik-bulgular","endokrinoloji","","","","",""
"Tiroid Nodülü ve Karsinom — Komorbiditeler ve Komplikasyonlar","tiroid-nodulu-ve-karsinom--komorbidite-komplikasyon","endokrinoloji","","","","",""
"Tiroid Nodülü ve Karsinom — Laboratuvar ve Görüntüleme","tiroid-nodulu-ve-karsinom--laboratuvar-goruntuleme","endokrinoloji","","","","",""
"Tiroid Nodülü ve Karsinom — Özel Durumlar","tiroid-nodulu-ve-karsinom--ozel-durumlar","endokrinoloji","","","","",""
"Tiroid Nodülü ve Karsinom — Patogenez / Fizyoloji","tiroid-nodulu-ve-karsinom--patogenez","endokrinoloji","","","","",""
"Tiroid Nodülü ve Karsinom — Sınıflama ve Tanı Kriterleri","tiroid-nodulu-ve-karsinom--siniflama-tani-kriterleri","endokrinoloji","","","","",""
"Tiroid Nodülü ve Karsinom — Tedavi Yaklaşımı","tiroid-nodulu-ve-karsinom--tedavi-yaklasimi","endokrinoloji","","","","",""
"page.tsx — gastroenteroloji","page-tsx--gastroenteroloji","gastroenteroloji","","","","",""
"gis-kanamalari","gis-kanamalari","gastroenteroloji","","","","",""
"GİS Kanamaları — Ayırıcı Tanı","gis-kanamalari--ayirici-tani","gastroenteroloji","","","","",""
"GİS Kanamaları — Epidemiyoloji","gis-kanamalari--epidemiyoloji","gastroenteroloji","","","","",""
"GİS Kanamaları — Genel Bakış","gis-kanamalari--genel-bakis","gastroenteroloji","","","","",""
"GİS Kanamaları — Klinik Bulgular","gis-kanamalari--klinik-bulgular","gastroenteroloji","","","","",""
"GİS Kanamaları — Komorbiditeler ve Komplikasyonlar","gis-kanamalari--komorbidite-komplikasyon","gastroenteroloji","","","","",""
"GİS Kanamaları — Laboratuvar ve Görüntüleme","gis-kanamalari--laboratuvar-goruntuleme","gastroenteroloji","","","","",""
"GİS Kanamaları — Özel Durumlar","gis-kanamalari--ozel-durumlar","gastroenteroloji","","","","",""
"GİS Kanamaları — Patogenez / Fizyoloji","gis-kanamalari--patogenez","gastroenteroloji","","","","",""
"GİS Kanamaları — Sınıflama ve Tanı Kriterleri","gis-kanamalari--siniflama-tani-kriterleri","gastroenteroloji","","","","",""
"GİS Kanamaları — Tedavi Yaklaşımı","gis-kanamalari--tedavi-yaklasimi","gastroenteroloji","","","","",""
"helicobacter-pylori","helicobacter-pylori","gastroenteroloji","","","","",""
"Helicobacter pylori — Ayırıcı Tanı","helicobacter-pylori--ayirici-tani","gastroenteroloji","","","","",""
"Helicobacter pylori — Epidemiyoloji","helicobacter-pylori--epidemiyoloji","gastroenteroloji","","","","",""
"Helicobacter pylori — Genel Bakış","helicobacter-pylori--genel-bakis","gastroenteroloji","","","","",""
"Helicobacter pylori — Klinik Bulgular","helicobacter-pylori--klinik-bulgular","gastroenteroloji","","","","",""
"Helicobacter pylori — Komorbiditeler ve Komplikasyonlar","helicobacter-pylori--komorbidite-komplikasyon","gastroenteroloji","","","","",""
"Helicobacter pylori — Laboratuvar ve Görüntüleme","helicobacter-pylori--laboratuvar-goruntuleme","gastroenteroloji","","","","",""
"Helicobacter pylori — Özel Durumlar","helicobacter-pylori--ozel-durumlar","gastroenteroloji","","","","",""
"Helicobacter pylori — Patogenez / Fizyoloji","helicobacter-pylori--patogenez","gastroenteroloji","","","","",""
"Helicobacter pylori — Sınıflama ve Tanı Kriterleri","helicobacter-pylori--siniflama-tani-kriterleri","gastroenteroloji","","","","",""
"Helicobacter pylori — Tedavi Yaklaşımı","helicobacter-pylori--tedavi-yaklasimi","gastroenteroloji","","","","",""
"hepatitler-ve-karaciger-hastaliklari","hepatitler-ve-karaciger-hastaliklari","gastroenteroloji","","","","",""
"Hepatitler ve Karaciğer Hastalıkları — Ayırıcı Tanı","hepatitler-ve-karaciger-hastaliklari--ayirici-tani","gastroenteroloji","","","","",""
"Hepatitler ve Karaciğer Hastalıkları — Epidemiyoloji","hepatitler-ve-karaciger-hastaliklari--epidemiyoloji","gastroenteroloji","","","","",""
"Hepatitler ve Karaciğer Hastalıkları — Genel Bakış","hepatitler-ve-karaciger-hastaliklari--genel-bakis","gastroenteroloji","","","","",""
"Hepatitler ve Karaciğer Hastalıkları — Klinik Bulgular","hepatitler-ve-karaciger-hastaliklari--klinik-bulgular","gastroenteroloji","","","","",""
"Hepatitler ve Karaciğer Hastalıkları — Komorbiditeler ve Komplikasyonlar","hepatitler-ve-karaciger-hastaliklari--komorbidite-komplikasyon","gastroenteroloji","","","","",""
"Hepatitler ve Karaciğer Hastalıkları — Laboratuvar ve Görüntüleme","hepatitler-ve-karaciger-hastaliklari--laboratuvar-goruntuleme","gastroenteroloji","","","","",""
"Hepatitler ve Karaciğer Hastalıkları — Özel Durumlar","hepatitler-ve-karaciger-hastaliklari--ozel-durumlar","gastroenteroloji","","","","",""
"Hepatitler ve Karaciğer Hastalıkları — Patogenez / Fizyoloji","hepatitler-ve-karaciger-hastaliklari--patogenez","gastroenteroloji","","","","",""
"Hepatitler ve Karaciğer Hastalıkları — Sınıflama ve Tanı Kriterleri","hepatitler-ve-karaciger-hastaliklari--siniflama-tani-kriterleri","gastroenteroloji","","","","",""
"Hepatitler ve Karaciğer Hastalıkları — Tedavi Yaklaşımı","hepatitler-ve-karaciger-hastaliklari--tedavi-yaklasimi","gastroenteroloji","","","","",""
"inflamatuar-bagirsak-hastaligi-ibd","inflamatuar-bagirsak-hastaligi-ibd","gastroenteroloji","","","","",""
"İnflamatuar Bağırsak Hastalığı (IBD) — Ayırıcı Tanı","inflamatuar-bagirsak-hastaligi-ibd--ayirici-tani","gastroenteroloji","","","","",""
"İnflamatuar Bağırsak Hastalığı (IBD) — Epidemiyoloji","inflamatuar-bagirsak-hastaligi-ibd--epidemiyoloji","gastroenteroloji","","","","",""
"İnflamatuar Bağırsak Hastalığı (IBD) — Genel Bakış","inflamatuar-bagirsak-hastaligi-ibd--genel-bakis","gastroenteroloji","","","","",""
"İnflamatuar Bağırsak Hastalığı (IBD) — Klinik Bulgular","inflamatuar-bagirsak-hastaligi-ibd--klinik-bulgular","gastroenteroloji","","","","",""
"İnflamatuar Bağırsak Hastalığı (IBD) — Komorbiditeler ve Komplikasyonlar","inflamatuar-bagirsak-hastaligi-ibd--komorbidite-komplikasyon","gastroenteroloji","","","","",""
"İnflamatuar Bağırsak Hastalığı (IBD) — Laboratuvar ve Görüntüleme","inflamatuar-bagirsak-hastaligi-ibd--laboratuvar-goruntuleme","gastroenteroloji","","","","",""
"İnflamatuar Bağırsak Hastalığı (IBD) — Özel Durumlar","inflamatuar-bagirsak-hastaligi-ibd--ozel-durumlar","gastroenteroloji","","","","",""
"İnflamatuar Bağırsak Hastalığı (IBD) — Patogenez / Fizyoloji","inflamatuar-bagirsak-hastaligi-ibd--patogenez","gastroenteroloji","","","","",""
"İnflamatuar Bağırsak Hastalığı (IBD) — Sınıflama ve Tanı Kriterleri","inflamatuar-bagirsak-hastaligi-ibd--siniflama-tani-kriterleri","gastroenteroloji","","","","",""
"İnflamatuar Bağırsak Hastalığı (IBD) — Tedavi Yaklaşımı","inflamatuar-bagirsak-hastaligi-ibd--tedavi-yaklasimi","gastroenteroloji","","","","",""
"irritabl-bagirsak-sendromu-ibs","irritabl-bagirsak-sendromu-ibs","gastroenteroloji","","","","",""
"İrritabl Bağırsak Sendromu (IBS) — Ayırıcı Tanı","irritabl-bagirsak-sendromu-ibs--ayirici-tani","gastroenteroloji","","","","",""
"İrritabl Bağırsak Sendromu (IBS) — Epidemiyoloji","irritabl-bagirsak-sendromu-ibs--epidemiyoloji","gastroenteroloji","","","","",""
"İrritabl Bağırsak Sendromu (IBS) — Genel Bakış","irritabl-bagirsak-sendromu-ibs--genel-bakis","gastroenteroloji","","","","",""
"İrritabl Bağırsak Sendromu (IBS) — Klinik Bulgular","irritabl-bagirsak-sendromu-ibs--klinik-bulgular","gastroenteroloji","","","","",""
"İrritabl Bağırsak Sendromu (IBS) — Komorbiditeler ve Komplikasyonlar","irritabl-bagirsak-sendromu-ibs--komorbidite-komplikasyon","gastroenteroloji","","","","",""
"İrritabl Bağırsak Sendromu (IBS) — Laboratuvar ve Görüntüleme","irritabl-bagirsak-sendromu-ibs--laboratuvar-goruntuleme","gastroenteroloji","","","","",""
"İrritabl Bağırsak Sendromu (IBS) — Özel Durumlar","irritabl-bagirsak-sendromu-ibs--ozel-durumlar","gastroenteroloji","","","","",""
"İrritabl Bağırsak Sendromu (IBS) — Patogenez / Fizyoloji","irritabl-bagirsak-sendromu-ibs--patogenez","gastroenteroloji","","","","",""
"İrritabl Bağırsak Sendromu (IBS) — Sınıflama ve Tanı Kriterleri","irritabl-bagirsak-sendromu-ibs--siniflama-tani-kriterleri","gastroenteroloji","","","","",""
"İrritabl Bağırsak Sendromu (IBS) — Tedavi Yaklaşımı","irritabl-bagirsak-sendromu-ibs--tedavi-yaklasimi","gastroenteroloji","","","","",""
"mide-ve-duodenum-hastaliklari","mide-ve-duodenum-hastaliklari","gastroenteroloji","","","","",""
"Mide ve Duodenum Hastalıkları — Ayırıcı Tanı","mide-ve-duodenum-hastaliklari--ayirici-tani","gastroenteroloji","","","","",""
"Mide ve Duodenum Hastalıkları — Epidemiyoloji","mide-ve-duodenum-hastaliklari--epidemiyoloji","gastroenteroloji","","","","",""
"Mide ve Duodenum Hastalıkları — Genel Bakış","mide-ve-duodenum-hastaliklari--genel-bakis","gastroenteroloji","","","","",""
"Mide ve Duodenum Hastalıkları — Klinik Bulgular","mide-ve-duodenum-hastaliklari--klinik-bulgular","gastroenteroloji","","","","",""
"Mide ve Duodenum Hastalıkları — Komorbiditeler ve Komplikasyonlar","mide-ve-duodenum-hastaliklari--komorbidite-komplikasyon","gastroenteroloji","","","","",""
"Mide ve Duodenum Hastalıkları — Laboratuvar ve Görüntüleme","mide-ve-duodenum-hastaliklari--laboratuvar-goruntuleme","gastroenteroloji","","","","",""
"Mide ve Duodenum Hastalıkları — Özel Durumlar","mide-ve-duodenum-hastaliklari--ozel-durumlar","gastroenteroloji","","","","",""
"Mide ve Duodenum Hastalıkları — Patogenez / Fizyoloji","mide-ve-duodenum-hastaliklari--patogenez","gastroenteroloji","","","","",""
"Mide ve Duodenum Hastalıkları — Sınıflama ve Tanı Kriterleri","mide-ve-duodenum-hastaliklari--siniflama-tani-kriterleri","gastroenteroloji","","","","",""
"Mide ve Duodenum Hastalıkları — Tedavi Yaklaşımı","mide-ve-duodenum-hastaliklari--tedavi-yaklasimi","gastroenteroloji","","","","",""
"ozofagus-hastaliklari","ozofagus-hastaliklari","gastroenteroloji","","","","",""
"Özofagus Hastalıkları — Ayırıcı Tanı","ozofagus-hastaliklari--ayirici-tani","gastroenteroloji","","","","",""
"Özofagus Hastalıkları — Epidemiyoloji","ozofagus-hastaliklari--epidemiyoloji","gastroenteroloji","","","","",""
"Özofagus Hastalıkları — Genel Bakış","ozofagus-hastaliklari--genel-bakis","gastroenteroloji","","","","",""
"Özofagus Hastalıkları — Klinik Bulgular","ozofagus-hastaliklari--klinik-bulgular","gastroenteroloji","","","","",""
"Özofagus Hastalıkları — Komorbiditeler ve Komplikasyonlar","ozofagus-hastaliklari--komorbidite-komplikasyon","gastroenteroloji","","","","",""
"Özofagus Hastalıkları — Laboratuvar ve Görüntüleme","ozofagus-hastaliklari--laboratuvar-goruntuleme","gastroenteroloji","","","","",""
"Özofagus Hastalıkları — Özel Durumlar","ozofagus-hastaliklari--ozel-durumlar","gastroenteroloji","","","","",""
"Özofagus Hastalıkları — Patogenez / Fizyoloji","ozofagus-hastaliklari--patogenez","gastroenteroloji","","","","",""
"Özofagus Hastalıkları — Sınıflama ve Tanı Kriterleri","ozofagus-hastaliklari--siniflama-tani-kriterleri","gastroenteroloji","","","","",""
"Özofagus Hastalıkları — Tedavi Yaklaşımı","ozofagus-hastaliklari--tedavi-yaklasimi","gastroenteroloji","","","","",""
"pankreatit-ve-pankreas-hastaliklari","pankreatit-ve-pankreas-hastaliklari","gastroenteroloji","","","","",""
"Pankreatit ve Pankreas Hastalıkları — Ayırıcı Tanı","pankreatit-ve-pankreas-hastaliklari--ayirici-tani","gastroenteroloji","","","","",""
"Pankreatit ve Pankreas Hastalıkları — Epidemiyoloji","pankreatit-ve-pankreas-hastaliklari--epidemiyoloji","gastroenteroloji","","","","",""
"Pankreatit ve Pankreas Hastalıkları — Genel Bakış","pankreatit-ve-pankreas-hastaliklari--genel-bakis","gastroenteroloji","","","","",""
"Pankreatit ve Pankreas Hastalıkları — Klinik Bulgular","pankreatit-ve-pankreas-hastaliklari--klinik-bulgular","gastroenteroloji","","","","",""
"Pankreatit ve Pankreas Hastalıkları — Komorbiditeler ve Komplikasyonlar","pankreatit-ve-pankreas-hastaliklari--komorbidite-komplikasyon","gastroenteroloji","","","","",""
"Pankreatit ve Pankreas Hastalıkları — Laboratuvar ve Görüntüleme","pankreatit-ve-pankreas-hastaliklari--laboratuvar-goruntuleme","gastroenteroloji","","","","",""
"Pankreatit ve Pankreas Hastalıkları — Özel Durumlar","pankreatit-ve-pankreas-hastaliklari--ozel-durumlar","gastroenteroloji","","","","",""
"Pankreatit ve Pankreas Hastalıkları — Patogenez / Fizyoloji","pankreatit-ve-pankreas-hastaliklari--patogenez","gastroenteroloji","","","","",""
"Pankreatit ve Pankreas Hastalıkları — Sınıflama ve Tanı Kriterleri","pankreatit-ve-pankreas-hastaliklari--siniflama-tani-kriterleri","gastroenteroloji","","","","",""
"Pankreatit ve Pankreas Hastalıkları — Tedavi Yaklaşımı","pankreatit-ve-pankreas-hastaliklari--tedavi-yaklasimi","gastroenteroloji","","","","",""
"safra-yollari-ve-safra-kesesi","safra-yollari-ve-safra-kesesi","gastroenteroloji","","","","",""
"Safra Yolları ve Safra Kesesi Hastalıkları — Ayırıcı Tanı","safra-yollari-ve-safra-kesesi--ayirici-tani","gastroenteroloji","","","","",""
"Safra Yolları ve Safra Kesesi Hastalıkları — Epidemiyoloji","safra-yollari-ve-safra-kesesi--epidemiyoloji","gastroenteroloji","","","","",""
"Safra Yolları ve Safra Kesesi Hastalıkları — Genel Bakış","safra-yollari-ve-safra-kesesi--genel-bakis","gastroenteroloji","","","","",""
"Safra Yolları ve Safra Kesesi Hastalıkları — Klinik Bulgular","safra-yollari-ve-safra-kesesi--klinik-bulgular","gastroenteroloji","","","","",""
"Safra Yolları ve Safra Kesesi Hastalıkları — Komorbiditeler ve Komplikasyonlar","safra-yollari-ve-safra-kesesi--komorbidite-komplikasyon","gastroenteroloji","","","","",""
"Safra Yolları ve Safra Kesesi Hastalıkları — Laboratuvar ve Görüntüleme","safra-yollari-ve-safra-kesesi--laboratuvar-goruntuleme","gastroenteroloji","","","","",""
"Safra Yolları ve Safra Kesesi Hastalıkları — Özel Durumlar","safra-yollari-ve-safra-kesesi--ozel-durumlar","gastroenteroloji","","","","",""
"Safra Yolları ve Safra Kesesi Hastalıkları — Patogenez / Fizyoloji","safra-yollari-ve-safra-kesesi--patogenez","gastroenteroloji","","","","",""
"Safra Yolları ve Safra Kesesi Hastalıkları — Sınıflama ve Tanı Kriterleri","safra-yollari-ve-safra-kesesi--siniflama-tani-kriterleri","gastroenteroloji","","","","",""
"Safra Yolları ve Safra Kesesi Hastalıkları — Tedavi Yaklaşımı","safra-yollari-ve-safra-kesesi--tedavi-yaklasimi","gastroenteroloji","","","","",""
"siroz-ve-komplikasyonlari","siroz-ve-komplikasyonlari","gastroenteroloji","","","","",""
"Siroz ve Komplikasyonları — Ayırıcı Tanı","siroz-ve-komplikasyonlari--ayirici-tani","gastroenteroloji","","","","",""
"Siroz ve Komplikasyonları — Epidemiyoloji","siroz-ve-komplikasyonlari--epidemiyoloji","gastroenteroloji","","","","",""
"Siroz ve Komplikasyonları — Genel Bakış","siroz-ve-komplikasyonlari--genel-bakis","gastroenteroloji","","","","",""
"Siroz ve Komplikasyonları — Klinik Bulgular","siroz-ve-komplikasyonlari--klinik-bulgular","gastroenteroloji","","","","",""
"Siroz ve Komplikasyonları — Komorbiditeler ve Komplikasyonlar","siroz-ve-komplikasyonlari--komorbidite-komplikasyon","gastroenteroloji","","","","",""
"Siroz ve Komplikasyonları — Laboratuvar ve Görüntüleme","siroz-ve-komplikasyonlari--laboratuvar-goruntuleme","gastroenteroloji","","","","",""
"Siroz ve Komplikasyonları — Özel Durumlar","siroz-ve-komplikasyonlari--ozel-durumlar","gastroenteroloji","","","","",""
"Siroz ve Komplikasyonları — Patogenez / Fizyoloji","siroz-ve-komplikasyonlari--patogenez","gastroenteroloji","","","","",""
"Siroz ve Komplikasyonları — Sınıflama ve Tanı Kriterleri","siroz-ve-komplikasyonlari--siniflama-tani-kriterleri","gastroenteroloji","","","","",""
"Siroz ve Komplikasyonları — Tedavi Yaklaşımı","siroz-ve-komplikasyonlari--tedavi-yaklasimi","gastroenteroloji","","","","",""
"page.tsx — hematoloji","page-tsx--hematoloji","hematoloji","","","","",""
"b12-folat-eksikligi-anemileri","b12-folat-eksikligi-anemileri","hematoloji","","","","",""
"B12/Folat Eksikliği Anemileri — Ayırıcı Tanı","b12-folat-eksikligi-anemileri--ayirici-tani","hematoloji","","","","",""
"B12/Folat Eksikliği Anemileri — Epidemiyoloji","b12-folat-eksikligi-anemileri--epidemiyoloji","hematoloji","","","","",""
"B12/Folat Eksikliği Anemileri — Genel Bakış","b12-folat-eksikligi-anemileri--genel-bakis","hematoloji","","","","",""
"B12/Folat Eksikliği Anemileri — Klinik Bulgular","b12-folat-eksikligi-anemileri--klinik-bulgular","hematoloji","","","","",""
"B12/Folat Eksikliği Anemileri — Komorbiditeler ve Komplikasyonlar","b12-folat-eksikligi-anemileri--komorbidite-komplikasyon","hematoloji","","","","",""
"B12/Folat Eksikliği Anemileri — Laboratuvar ve Görüntüleme","b12-folat-eksikligi-anemileri--laboratuvar-goruntuleme","hematoloji","","","","",""
"B12/Folat Eksikliği Anemileri — Özel Durumlar","b12-folat-eksikligi-anemileri--ozel-durumlar","hematoloji","","","","",""
"B12/Folat Eksikliği Anemileri — Patogenez / İmmünoloji","b12-folat-eksikligi-anemileri--patogenez","hematoloji","","","","",""
"B12/Folat Eksikliği Anemileri — Sınıflama ve Tanı Kriterleri","b12-folat-eksikligi-anemileri--siniflama-tani-kriterleri","hematoloji","","","","",""
"B12/Folat Eksikliği Anemileri — Tedavi Yaklaşımı","b12-folat-eksikligi-anemileri--tedavi-yaklasimi","hematoloji","","","","",""
"demir-eksikligi-anemisi","demir-eksikligi-anemisi","hematoloji","","","","",""
"Demir Eksikliği Anemisi — Ayırıcı Tanı","demir-eksikligi-anemisi--ayirici-tani","hematoloji","","","","",""
"Demir Eksikliği Anemisi — Epidemiyoloji","demir-eksikligi-anemisi--epidemiyoloji","hematoloji","","","","",""
"Demir Eksikliği Anemisi — Genel Bakış","demir-eksikligi-anemisi--genel-bakis","hematoloji","","","","",""
"Demir Eksikliği Anemisi — Klinik Bulgular","demir-eksikligi-anemisi--klinik-bulgular","hematoloji","","","","",""
"Demir Eksikliği Anemisi — Komorbiditeler ve Komplikasyonlar","demir-eksikligi-anemisi--komorbidite-komplikasyon","hematoloji","","","","",""
"Demir Eksikliği Anemisi — Laboratuvar ve Görüntüleme","demir-eksikligi-anemisi--laboratuvar-goruntuleme","hematoloji","","","","",""
"Demir Eksikliği Anemisi — Özel Durumlar","demir-eksikligi-anemisi--ozel-durumlar","hematoloji","","","","",""
"Demir Eksikliği Anemisi — Patogenez / İmmünoloji","demir-eksikligi-anemisi--patogenez","hematoloji","","","","",""
"Demir Eksikliği Anemisi — Sınıflama ve Tanı Kriterleri","demir-eksikligi-anemisi--siniflama-tani-kriterleri","hematoloji","","","","",""
"Demir Eksikliği Anemisi — Tedavi Yaklaşımı","demir-eksikligi-anemisi--tedavi-yaklasimi","hematoloji","","","","",""
"hemolitik-anemiler","hemolitik-anemiler","hematoloji","","","","",""
"Hemolitik Anemiler — Ayırıcı Tanı","hemolitik-anemiler--ayirici-tani","hematoloji","","","","",""
"Hemolitik Anemiler — Epidemiyoloji","hemolitik-anemiler--epidemiyoloji","hematoloji","","","","",""
"Hemolitik Anemiler — Genel Bakış","hemolitik-anemiler--genel-bakis","hematoloji","","","","",""
"Hemolitik Anemiler — Klinik Bulgular","hemolitik-anemiler--klinik-bulgular","hematoloji","","","","",""
"Hemolitik Anemiler — Komorbiditeler ve Komplikasyonlar","hemolitik-anemiler--komorbidite-komplikasyon","hematoloji","","","","",""
"Hemolitik Anemiler — Laboratuvar ve Görüntüleme","hemolitik-anemiler--laboratuvar-goruntuleme","hematoloji","","","","",""
"Hemolitik Anemiler — Özel Durumlar","hemolitik-anemiler--ozel-durumlar","hematoloji","","","","",""
"Hemolitik Anemiler — Patogenez / İmmünoloji","hemolitik-anemiler--patogenez","hematoloji","","","","",""
"Hemolitik Anemiler — Sınıflama ve Tanı Kriterleri","hemolitik-anemiler--siniflama-tani-kriterleri","hematoloji","","","","",""
"Hemolitik Anemiler — Tedavi Yaklaşımı","hemolitik-anemiler--tedavi-yaklasimi","hematoloji","","","","",""
"kanama-bozukluklari-hemofili-vwd","kanama-bozukluklari-hemofili-vwd","hematoloji","","","","",""
"Kanama Bozuklukları (Hemofili, vWD) — Ayırıcı Tanı","kanama-bozukluklari-hemofili-vwd--ayirici-tani","hematoloji","","","","",""
"Kanama Bozuklukları (Hemofili, vWD) — Epidemiyoloji","kanama-bozukluklari-hemofili-vwd--epidemiyoloji","hematoloji","","","","",""
"Kanama Bozuklukları (Hemofili, vWD) — Genel Bakış","kanama-bozukluklari-hemofili-vwd--genel-bakis","hematoloji","","","","",""
"Kanama Bozuklukları (Hemofili, vWD) — Klinik Bulgular","kanama-bozukluklari-hemofili-vwd--klinik-bulgular","hematoloji","","","","",""
"Kanama Bozuklukları (Hemofili, vWD) — Komorbiditeler ve Komplikasyonlar","kanama-bozukluklari-hemofili-vwd--komorbidite-komplikasyon","hematoloji","","","","",""
"Kanama Bozuklukları (Hemofili, vWD) — Laboratuvar ve Görüntüleme","kanama-bozukluklari-hemofili-vwd--laboratuvar-goruntuleme","hematoloji","","","","",""
"Kanama Bozuklukları (Hemofili, vWD) — Özel Durumlar","kanama-bozukluklari-hemofili-vwd--ozel-durumlar","hematoloji","","","","",""
"Kanama Bozuklukları (Hemofili, vWD) — Patogenez / İmmünoloji","kanama-bozukluklari-hemofili-vwd--patogenez","hematoloji","","","","",""
"Kanama Bozuklukları (Hemofili, vWD) — Sınıflama ve Tanı Kriterleri","kanama-bozukluklari-hemofili-vwd--siniflama-tani-kriterleri","hematoloji","","","","",""
"Kanama Bozuklukları (Hemofili, vWD) — Tedavi Yaklaşımı","kanama-bozukluklari-hemofili-vwd--tedavi-yaklasimi","hematoloji","","","","",""
"lenfomalar","lenfomalar","hematoloji","","","","",""
"Lenfomalar — Ayırıcı Tanı","lenfomalar--ayirici-tani","hematoloji","","","","",""
"Lenfomalar — Epidemiyoloji","lenfomalar--epidemiyoloji","hematoloji","","","","",""
"Lenfomalar — Genel Bakış","lenfomalar--genel-bakis","hematoloji","","","","",""
"Lenfomalar — Klinik Bulgular","lenfomalar--klinik-bulgular","hematoloji","","","","",""
"Lenfomalar — Komorbiditeler ve Komplikasyonlar","lenfomalar--komorbidite-komplikasyon","hematoloji","","","","",""
"Lenfomalar — Laboratuvar ve Görüntüleme","lenfomalar--laboratuvar-goruntuleme","hematoloji","","","","",""
"Lenfomalar — Özel Durumlar","lenfomalar--ozel-durumlar","hematoloji","","","","",""
"Lenfomalar — Patogenez / İmmünoloji","lenfomalar--patogenez","hematoloji","","","","",""
"Lenfomalar — Sınıflama ve Tanı Kriterleri","lenfomalar--siniflama-tani-kriterleri","hematoloji","","","","",""
"Lenfomalar — Tedavi Yaklaşımı","lenfomalar--tedavi-yaklasimi","hematoloji","","","","",""
"multiple-myelom-ve-mgüs","multiple-myelom-ve-mgus","hematoloji","","","","",""
"Multiple Myelom ve MGÜS — Ayırıcı Tanı","multiple-myelom-ve-mgus--ayirici-tani","hematoloji","","","","",""
"Multiple Myelom ve MGÜS — Epidemiyoloji","multiple-myelom-ve-mgus--epidemiyoloji","hematoloji","","","","",""
"Multiple Myelom ve MGÜS — Genel Bakış","multiple-myelom-ve-mgus--genel-bakis","hematoloji","","","","",""
"Multiple Myelom ve MGÜS — Klinik Bulgular","multiple-myelom-ve-mgus--klinik-bulgular","hematoloji","","","","",""
"Multiple Myelom ve MGÜS — Komorbiditeler ve Komplikasyonlar","multiple-myelom-ve-mgus--komorbidite-komplikasyon","hematoloji","","","","",""
"Multiple Myelom ve MGÜS — Laboratuvar ve Görüntüleme","multiple-myelom-ve-mgus--laboratuvar-goruntuleme","hematoloji","","","","",""
"Multiple Myelom ve MGÜS — Özel Durumlar","multiple-myelom-ve-mgus--ozel-durumlar","hematoloji","","","","",""
"Multiple Myelom ve MGÜS — Patogenez / İmmünoloji","multiple-myelom-ve-mgus--patogenez","hematoloji","","","","",""
"Multiple Myelom ve MGÜS — Sınıflama ve Tanı Kriterleri","multiple-myelom-ve-mgus--siniflama-tani-kriterleri","hematoloji","","","","",""
"Multiple Myelom ve MGÜS — Tedavi Yaklaşımı","multiple-myelom-ve-mgus--tedavi-yaklasimi","hematoloji","","","","",""
"orak-hucre-hastaligi","orak-hucre-hastaligi","hematoloji","","","","",""
"Orak Hücre Hastalığı — Ayırıcı Tanı","orak-hucre-hastaligi--ayirici-tani","hematoloji","","","","",""
"Orak Hücre Hastalığı — Epidemiyoloji","orak-hucre-hastaligi--epidemiyoloji","hematoloji","","","","",""
"Orak Hücre Hastalığı — Genel Bakış","orak-hucre-hastaligi--genel-bakis","hematoloji","","","","",""
"Orak Hücre Hastalığı — Klinik Bulgular","orak-hucre-hastaligi--klinik-bulgular","hematoloji","","","","",""
"Orak Hücre Hastalığı — Komorbiditeler ve Komplikasyonlar","orak-hucre-hastaligi--komorbidite-komplikasyon","hematoloji","","","","",""
"Orak Hücre Hastalığı — Laboratuvar ve Görüntüleme","orak-hucre-hastaligi--laboratuvar-goruntuleme","hematoloji","","","","",""
"Orak Hücre Hastalığı — Özel Durumlar","orak-hucre-hastaligi--ozel-durumlar","hematoloji","","","","",""
"Orak Hücre Hastalığı — Patogenez / İmmünoloji","orak-hucre-hastaligi--patogenez","hematoloji","","","","",""
"Orak Hücre Hastalığı — Sınıflama ve Tanı Kriterleri","orak-hucre-hastaligi--siniflama-tani-kriterleri","hematoloji","","","","",""
"Orak Hücre Hastalığı — Tedavi Yaklaşımı","orak-hucre-hastaligi--tedavi-yaklasimi","hematoloji","","","","",""
"talasemi-ve-hemoglobinopatiler","talasemi-ve-hemoglobinopatiler","hematoloji","","","","",""
"Talasemi ve Hemoglobinopatiler — Ayırıcı Tanı","talasemi-ve-hemoglobinopatiler--ayirici-tani","hematoloji","","","","",""
"Talasemi ve Hemoglobinopatiler — Epidemiyoloji","talasemi-ve-hemoglobinopatiler--epidemiyoloji","hematoloji","","","","",""
"Talasemi ve Hemoglobinopatiler — Genel Bakış","talasemi-ve-hemoglobinopatiler--genel-bakis","hematoloji","","","","",""
"Talasemi ve Hemoglobinopatiler — Klinik Bulgular","talasemi-ve-hemoglobinopatiler--klinik-bulgular","hematoloji","","","","",""
"Talasemi ve Hemoglobinopatiler — Komorbiditeler ve Komplikasyonlar","talasemi-ve-hemoglobinopatiler--komorbidite-komplikasyon","hematoloji","","","","",""
"Talasemi ve Hemoglobinopatiler — Laboratuvar ve Görüntüleme","talasemi-ve-hemoglobinopatiler--laboratuvar-goruntuleme","hematoloji","","","","",""
"Talasemi ve Hemoglobinopatiler — Özel Durumlar","talasemi-ve-hemoglobinopatiler--ozel-durumlar","hematoloji","","","","",""
"Talasemi ve Hemoglobinopatiler — Patogenez / İmmünoloji","talasemi-ve-hemoglobinopatiler--patogenez","hematoloji","","","","",""
"Talasemi ve Hemoglobinopatiler — Sınıflama ve Tanı Kriterleri","talasemi-ve-hemoglobinopatiler--siniflama-tani-kriterleri","hematoloji","","","","",""
"Talasemi ve Hemoglobinopatiler — Tedavi Yaklaşımı","talasemi-ve-hemoglobinopatiler--tedavi-yaklasimi","hematoloji","","","","",""
"trombositopeniler-ve-itp","trombositopeniler-ve-itp","hematoloji","","","","",""
"Trombositopeniler ve ITP — Ayırıcı Tanı","trombositopeniler-ve-itp--ayirici-tani","hematoloji","","","","",""
"Trombositopeniler ve ITP — Epidemiyoloji","trombositopeniler-ve-itp--epidemiyoloji","hematoloji","","","","",""
"Trombositopeniler ve ITP — Genel Bakış","trombositopeniler-ve-itp--genel-bakis","hematoloji","","","","",""
"Trombositopeniler ve ITP — Klinik Bulgular","trombositopeniler-ve-itp--klinik-bulgular","hematoloji","","","","",""
"Trombositopeniler ve ITP — Komorbiditeler ve Komplikasyonlar","trombositopeniler-ve-itp--komorbidite-komplikasyon","hematoloji","","","","",""
"Trombositopeniler ve ITP — Laboratuvar ve Görüntüleme","trombositopeniler-ve-itp--laboratuvar-goruntuleme","hematoloji","","","","",""
"Trombositopeniler ve ITP — Özel Durumlar","trombositopeniler-ve-itp--ozel-durumlar","hematoloji","","","","",""
"Trombositopeniler ve ITP — Patogenez / İmmünoloji","trombositopeniler-ve-itp--patogenez","hematoloji","","","","",""
"Trombositopeniler ve ITP — Sınıflama ve Tanı Kriterleri","trombositopeniler-ve-itp--siniflama-tani-kriterleri","hematoloji","","","","",""
"Trombositopeniler ve ITP — Tedavi Yaklaşımı","trombositopeniler-ve-itp--tedavi-yaklasimi","hematoloji","","","","",""
"tromboz-ve-trombofili","tromboz-ve-trombofili","hematoloji","","","","",""
"Tromboz ve Trombofili — Ayırıcı Tanı","tromboz-ve-trombofili--ayirici-tani","hematoloji","","","","",""
"Tromboz ve Trombofili — Epidemiyoloji","tromboz-ve-trombofili--epidemiyoloji","hematoloji","","","","",""
"Tromboz ve Trombofili — Genel Bakış","tromboz-ve-trombofili--genel-bakis","hematoloji","","","","",""
"Tromboz ve Trombofili — Klinik Bulgular","tromboz-ve-trombofili--klinik-bulgular","hematoloji","","","","",""
"Tromboz ve Trombofili — Komorbiditeler ve Komplikasyonlar","tromboz-ve-trombofili--komorbidite-komplikasyon","hematoloji","","","","",""
"Tromboz ve Trombofili — Laboratuvar ve Görüntüleme","tromboz-ve-trombofili--laboratuvar-goruntuleme","hematoloji","","","","",""
"Tromboz ve Trombofili — Özel Durumlar","tromboz-ve-trombofili--ozel-durumlar","hematoloji","","","","",""
"Tromboz ve Trombofili — Patogenez / İmmünoloji","tromboz-ve-trombofili--patogenez","hematoloji","","","","",""
"Tromboz ve Trombofili — Sınıflama ve Tanı Kriterleri","tromboz-ve-trombofili--siniflama-tani-kriterleri","hematoloji","","","","",""
"Tromboz ve Trombofili — Tedavi Yaklaşımı","tromboz-ve-trombofili--tedavi-yaklasimi","hematoloji","","","","",""
"page.tsx — kardiyoloji","page-tsx--kardiyoloji","kardiyoloji","","","","",""
"page.tsx — nefroloji","page-tsx--nefroloji","nefroloji","","","","",""
"akut-bobrek-hasari-aki","akut-bobrek-hasari-aki","nefroloji","","","","",""
"Akut Böbrek Hasarı (AKI) — Ayırıcı Tanı","akut-bobrek-hasari-aki--ayirici-tani","nefroloji","","","","",""
"Akut Böbrek Hasarı (AKI) — Epidemiyoloji","akut-bobrek-hasari-aki--epidemiyoloji","nefroloji","","","","",""
"Akut Böbrek Hasarı (AKI) — Genel Bakış","akut-bobrek-hasari-aki--genel-bakis","nefroloji","","","","",""
"Akut Böbrek Hasarı (AKI) — Klinik Bulgular","akut-bobrek-hasari-aki--klinik-bulgular","nefroloji","","","","",""
"Akut Böbrek Hasarı (AKI) — Komorbiditeler ve Komplikasyonlar","akut-bobrek-hasari-aki--komorbidite-komplikasyon","nefroloji","","","","",""
"Akut Böbrek Hasarı (AKI) — Laboratuvar ve Görüntüleme","akut-bobrek-hasari-aki--laboratuvar-goruntuleme","nefroloji","","","","",""
"Akut Böbrek Hasarı (AKI) — Özel Durumlar","akut-bobrek-hasari-aki--ozel-durumlar","nefroloji","","","","",""
"Akut Böbrek Hasarı (AKI) — Patogenez / Fizyoloji","akut-bobrek-hasari-aki--patogenez","nefroloji","","","","",""
"Akut Böbrek Hasarı (AKI) — Sınıflama ve Tanı Kriterleri","akut-bobrek-hasari-aki--siniflama-tani-kriterleri","nefroloji","","","","",""
"Akut Böbrek Hasarı (AKI) — Tedavi Yaklaşımı","akut-bobrek-hasari-aki--tedavi-yaklasimi","nefroloji","","","","",""
"asit-baz-bozukluklari","asit-baz-bozukluklari","nefroloji","","","","",""
"Asit–Baz Bozuklukları — Ayırıcı Tanı","asit-baz-bozukluklari--ayirici-tani","nefroloji","","","","",""
"Asit–Baz Bozuklukları — Epidemiyoloji","asit-baz-bozukluklari--epidemiyoloji","nefroloji","","","","",""
"Asit–Baz Bozuklukları — Genel Bakış","asit-baz-bozukluklari--genel-bakis","nefroloji","","","","",""
"Asit–Baz Bozuklukları — Klinik Bulgular","asit-baz-bozukluklari--klinik-bulgular","nefroloji","","","","",""
"Asit–Baz Bozuklukları — Komorbiditeler ve Komplikasyonlar","asit-baz-bozukluklari--komorbidite-komplikasyon","nefroloji","","","","",""
"Asit–Baz Bozuklukları — Laboratuvar ve Görüntüleme","asit-baz-bozukluklari--laboratuvar-goruntuleme","nefroloji","","","","",""
"Asit–Baz Bozuklukları — Özel Durumlar","asit-baz-bozukluklari--ozel-durumlar","nefroloji","","","","",""
"Asit–Baz Bozuklukları — Patogenez / Fizyoloji","asit-baz-bozukluklari--patogenez","nefroloji","","","","",""
"Asit–Baz Bozuklukları — Sınıflama ve Tanı Kriterleri","asit-baz-bozukluklari--siniflama-tani-kriterleri","nefroloji","","","","",""
"Asit–Baz Bozuklukları — Tedavi Yaklaşımı","asit-baz-bozukluklari--tedavi-yaklasimi","nefroloji","","","","",""
"diyaliz-ve-rrt","diyaliz-ve-rrt","nefroloji","","","","",""
"Diyaliz ve Renal Replasman Tedavileri — Ayırıcı Tanı","diyaliz-ve-rrt--ayirici-tani","nefroloji","","","","",""
"Diyaliz ve Renal Replasman Tedavileri — Epidemiyoloji","diyaliz-ve-rrt--epidemiyoloji","nefroloji","","","","",""
"Diyaliz ve Renal Replasman Tedavileri — Genel Bakış","diyaliz-ve-rrt--genel-bakis","nefroloji","","","","",""
"Diyaliz ve Renal Replasman Tedavileri — Klinik Bulgular","diyaliz-ve-rrt--klinik-bulgular","nefroloji","","","","",""
"Diyaliz ve Renal Replasman Tedavileri — Komorbiditeler ve Komplikasyonlar","diyaliz-ve-rrt--komorbidite-komplikasyon","nefroloji","","","","",""
"Diyaliz ve Renal Replasman Tedavileri — Laboratuvar ve Görüntüleme","diyaliz-ve-rrt--laboratuvar-goruntuleme","nefroloji","","","","",""
"Diyaliz ve Renal Replasman Tedavileri — Özel Durumlar","diyaliz-ve-rrt--ozel-durumlar","nefroloji","","","","",""
"Diyaliz ve Renal Replasman Tedavileri — Patogenez / Fizyoloji","diyaliz-ve-rrt--patogenez","nefroloji","","","","",""
"Diyaliz ve Renal Replasman Tedavileri — Sınıflama ve Tanı Kriterleri","diyaliz-ve-rrt--siniflama-tani-kriterleri","nefroloji","","","","",""
"Diyaliz ve Renal Replasman Tedavileri — Tedavi Yaklaşımı","diyaliz-ve-rrt--tedavi-yaklasimi","nefroloji","","","","",""
"elektrolit-bozukluklari","elektrolit-bozukluklari","nefroloji","","","","",""
"Elektrolit Bozuklukları — Ayırıcı Tanı","elektrolit-bozukluklari--ayirici-tani","nefroloji","","","","",""
"Elektrolit Bozuklukları — Epidemiyoloji","elektrolit-bozukluklari--epidemiyoloji","nefroloji","","","","",""
"Elektrolit Bozuklukları — Genel Bakış","elektrolit-bozukluklari--genel-bakis","nefroloji","","","","",""
"Elektrolit Bozuklukları — Klinik Bulgular","elektrolit-bozukluklari--klinik-bulgular","nefroloji","","","","",""
"Elektrolit Bozuklukları — Komorbiditeler ve Komplikasyonlar","elektrolit-bozukluklari--komorbidite-komplikasyon","nefroloji","","","","",""
"Elektrolit Bozuklukları — Laboratuvar ve Görüntüleme","elektrolit-bozukluklari--laboratuvar-goruntuleme","nefroloji","","","","",""
"Elektrolit Bozuklukları — Özel Durumlar","elektrolit-bozukluklari--ozel-durumlar","nefroloji","","","","",""
"Elektrolit Bozuklukları — Patogenez / Fizyoloji","elektrolit-bozukluklari--patogenez","nefroloji","","","","",""
"Elektrolit Bozuklukları — Sınıflama ve Tanı Kriterleri","elektrolit-bozukluklari--siniflama-tani-kriterleri","nefroloji","","","","",""
"Elektrolit Bozuklukları — Tedavi Yaklaşımı","elektrolit-bozukluklari--tedavi-yaklasimi","nefroloji","","","","",""
"glomerulonefritler","glomerulonefritler","nefroloji","","","","",""
"Glomerülonefritler — Ayırıcı Tanı","glomerulonefritler--ayirici-tani","nefroloji","","","","",""
"Glomerülonefritler — Epidemiyoloji","glomerulonefritler--epidemiyoloji","nefroloji","","","","",""
"Glomerülonefritler — Genel Bakış","glomerulonefritler--genel-bakis","nefroloji","","","","",""
"Glomerülonefritler — Klinik Bulgular","glomerulonefritler--klinik-bulgular","nefroloji","","","","",""
"Glomerülonefritler — Komorbiditeler ve Komplikasyonlar","glomerulonefritler--komorbidite-komplikasyon","nefroloji","","","","",""
"Glomerülonefritler — Laboratuvar ve Görüntüleme","glomerulonefritler--laboratuvar-goruntuleme","nefroloji","","","","",""
"Glomerülonefritler — Özel Durumlar","glomerulonefritler--ozel-durumlar","nefroloji","","","","",""
"Glomerülonefritler — Patogenez / Fizyoloji","glomerulonefritler--patogenez","nefroloji","","","","",""
"Glomerülonefritler — Sınıflama ve Tanı Kriterleri","glomerulonefritler--siniflama-tani-kriterleri","nefroloji","","","","",""
"Glomerülonefritler — Tedavi Yaklaşımı","glomerulonefritler--tedavi-yaklasimi","nefroloji","","","","",""
"kronik-bobrek-hastaligi-kbh","kronik-bobrek-hastaligi-kbh","nefroloji","","","","",""
"Kronik Böbrek Hastalığı (KBH) — Ayırıcı Tanı","kronik-bobrek-hastaligi-kbh--ayirici-tani","nefroloji","","","","",""
"Kronik Böbrek Hastalığı (KBH) — Epidemiyoloji","kronik-bobrek-hastaligi-kbh--epidemiyoloji","nefroloji","","","","",""
"Kronik Böbrek Hastalığı (KBH) — Genel Bakış","kronik-bobrek-hastaligi-kbh--genel-bakis","nefroloji","","","","",""
"Kronik Böbrek Hastalığı (KBH) — Klinik Bulgular","kronik-bobrek-hastaligi-kbh--klinik-bulgular","nefroloji","","","","",""
"Kronik Böbrek Hastalığı (KBH) — Komorbiditeler ve Komplikasyonlar","kronik-bobrek-hastaligi-kbh--komorbidite-komplikasyon","nefroloji","","","","",""
"Kronik Böbrek Hastalığı (KBH) — Laboratuvar ve Görüntüleme","kronik-bobrek-hastaligi-kbh--laboratuvar-goruntuleme","nefroloji","","","","",""
"Kronik Böbrek Hastalığı (KBH) — Özel Durumlar","kronik-bobrek-hastaligi-kbh--ozel-durumlar","nefroloji","","","","",""
"Kronik Böbrek Hastalığı (KBH) — Patogenez / Fizyoloji","kronik-bobrek-hastaligi-kbh--patogenez","nefroloji","","","","",""
"Kronik Böbrek Hastalığı (KBH) — Sınıflama ve Tanı Kriterleri","kronik-bobrek-hastaligi-kbh--siniflama-tani-kriterleri","nefroloji","","","","",""
"Kronik Böbrek Hastalığı (KBH) — Tedavi Yaklaşımı","kronik-bobrek-hastaligi-kbh--tedavi-yaklasimi","nefroloji","","","","",""
"nefrotik-sendrom","nefrotik-sendrom","nefroloji","","","","",""
"Nefrotik Sendrom — Ayırıcı Tanı","nefrotik-sendrom--ayirici-tani","nefroloji","","","","",""
"Nefrotik Sendrom — Epidemiyoloji","nefrotik-sendrom--epidemiyoloji","nefroloji","","","","",""
"Nefrotik Sendrom — Genel Bakış","nefrotik-sendrom--genel-bakis","nefroloji","","","","",""
"Nefrotik Sendrom — Klinik Bulgular","nefrotik-sendrom--klinik-bulgular","nefroloji","","","","",""
"Nefrotik Sendrom — Komorbiditeler ve Komplikasyonlar","nefrotik-sendrom--komorbidite-komplikasyon","nefroloji","","","","",""
"Nefrotik Sendrom — Laboratuvar ve Görüntüleme","nefrotik-sendrom--laboratuvar-goruntuleme","nefroloji","","","","",""
"Nefrotik Sendrom — Özel Durumlar","nefrotik-sendrom--ozel-durumlar","nefroloji","","","","",""
"Nefrotik Sendrom — Patogenez / Fizyoloji","nefrotik-sendrom--patogenez","nefroloji","","","","",""
"Nefrotik Sendrom — Sınıflama ve Tanı Kriterleri","nefrotik-sendrom--siniflama-tani-kriterleri","nefroloji","","","","",""
"Nefrotik Sendrom — Tedavi Yaklaşımı","nefrotik-sendrom--tedavi-yaklasimi","nefroloji","","","","",""
"polikistik-bobrek-hastaligi-adpkd","polikistik-bobrek-hastaligi-adpkd","nefroloji","","","","",""
"Polikistik Böbrek Hastalığı (ADPKD) — Ayırıcı Tanı","polikistik-bobrek-hastaligi-adpkd--ayirici-tani","nefroloji","","","","",""
"Polikistik Böbrek Hastalığı (ADPKD) — Epidemiyoloji","polikistik-bobrek-hastaligi-adpkd--epidemiyoloji","nefroloji","","","","",""
"Polikistik Böbrek Hastalığı (ADPKD) — Genel Bakış","polikistik-bobrek-hastaligi-adpkd--genel-bakis","nefroloji","","","","",""
"Polikistik Böbrek Hastalığı (ADPKD) — Klinik Bulgular","polikistik-bobrek-hastaligi-adpkd--klinik-bulgular","nefroloji","","","","",""
"Polikistik Böbrek Hastalığı (ADPKD) — Komorbiditeler ve Komplikasyonlar","polikistik-bobrek-hastaligi-adpkd--komorbidite-komplikasyon","nefroloji","","","","",""
"Polikistik Böbrek Hastalığı (ADPKD) — Laboratuvar ve Görüntüleme","polikistik-bobrek-hastaligi-adpkd--laboratuvar-goruntuleme","nefroloji","","","","",""
"Polikistik Böbrek Hastalığı (ADPKD) — Özel Durumlar","polikistik-bobrek-hastaligi-adpkd--ozel-durumlar","nefroloji","","","","",""
"Polikistik Böbrek Hastalığı (ADPKD) — Patogenez / Fizyoloji","polikistik-bobrek-hastaligi-adpkd--patogenez","nefroloji","","","","",""
"Polikistik Böbrek Hastalığı (ADPKD) — Sınıflama ve Tanı Kriterleri","polikistik-bobrek-hastaligi-adpkd--siniflama-tani-kriterleri","nefroloji","","","","",""
"Polikistik Böbrek Hastalığı (ADPKD) — Tedavi Yaklaşımı","polikistik-bobrek-hastaligi-adpkd--tedavi-yaklasimi","nefroloji","","","","",""
"renal-transplantasyon","renal-transplantasyon","nefroloji","","","","",""
"Renal Transplantasyon — Ayırıcı Tanı","renal-transplantasyon--ayirici-tani","nefroloji","","","","",""
"Renal Transplantasyon — Epidemiyoloji","renal-transplantasyon--epidemiyoloji","nefroloji","","","","",""
"Renal Transplantasyon — Genel Bakış","renal-transplantasyon--genel-bakis","nefroloji","","","","",""
"Renal Transplantasyon — Klinik Bulgular","renal-transplantasyon--klinik-bulgular","nefroloji","","","","",""
"Renal Transplantasyon — Komorbiditeler ve Komplikasyonlar","renal-transplantasyon--komorbidite-komplikasyon","nefroloji","","","","",""
"Renal Transplantasyon — Laboratuvar ve Görüntüleme","renal-transplantasyon--laboratuvar-goruntuleme","nefroloji","","","","",""
"Renal Transplantasyon — Özel Durumlar","renal-transplantasyon--ozel-durumlar","nefroloji","","","","",""
"Renal Transplantasyon — Patogenez / Fizyoloji","renal-transplantasyon--patogenez","nefroloji","","","","",""
"Renal Transplantasyon — Sınıflama ve Tanı Kriterleri","renal-transplantasyon--siniflama-tani-kriterleri","nefroloji","","","","",""
"Renal Transplantasyon — Tedavi Yaklaşımı","renal-transplantasyon--tedavi-yaklasimi","nefroloji","","","","",""
"tubulointerstisyel-nefrit","tubulointerstisyel-nefrit","nefroloji","","","","",""
"Tübülointerstisyel Nefrit — Ayırıcı Tanı","tubulointerstisyel-nefrit--ayirici-tani","nefroloji","","","","",""
"Tübülointerstisyel Nefrit — Epidemiyoloji","tubulointerstisyel-nefrit--epidemiyoloji","nefroloji","","","","",""
"Tübülointerstisyel Nefrit — Genel Bakış","tubulointerstisyel-nefrit--genel-bakis","nefroloji","","","","",""
"Tübülointerstisyel Nefrit — Klinik Bulgular","tubulointerstisyel-nefrit--klinik-bulgular","nefroloji","","","","",""
"Tübülointerstisyel Nefrit — Komorbiditeler ve Komplikasyonlar","tubulointerstisyel-nefrit--komorbidite-komplikasyon","nefroloji","","","","",""
"Tübülointerstisyel Nefrit — Laboratuvar ve Görüntüleme","tubulointerstisyel-nefrit--laboratuvar-goruntuleme","nefroloji","","","","",""
"Tübülointerstisyel Nefrit — Özel Durumlar","tubulointerstisyel-nefrit--ozel-durumlar","nefroloji","","","","",""
"Tübülointerstisyel Nefrit — Patogenez / Fizyoloji","tubulointerstisyel-nefrit--patogenez","nefroloji","","","","",""
"Tübülointerstisyel Nefrit — Sınıflama ve Tanı Kriterleri","tubulointerstisyel-nefrit--siniflama-tani-kriterleri","nefroloji","","","","",""
"Tübülointerstisyel Nefrit — Tedavi Yaklaşımı","tubulointerstisyel-nefrit--tedavi-yaklasimi","nefroloji","","","","",""
"Ailevi Akdeniz Ateşi (FMF) ve Otoinflamatuvar Hast.","ailevi-akdeniz-atesi-otoenflamatuvar","romatoloji","","","","",""
"Akut Romatizmal Ateş (ARA)","akut-romatizmal-ates","romatoloji","","","","",""
"Antifosfolipid Sendromu (APS)","antifosfolipid-sendromu","romatoloji","","","","",""
"Behçet Hastalığı","behcet","romatoloji","","","","",""
"behcet — behcet-disbiyoz","behcet--behcet-disbiyoz","romatoloji","","","","",""
"behcet — behcet-mikroorganizmalar","behcet--behcet-mikroorganizmalar","romatoloji","","","","",""
"Gastroenterolojik Tutulum","behcet--gastroenterolojik-tutulum","romatoloji","","","","",""
"behcet — gebelik","behcet--gebelik","romatoloji","","","","",""
"behcet — mikrobiyota-modulasyon","behcet--mikrobiyota-modulasyon","romatoloji","","","","",""
"behcet — mukokutanoz","behcet--mukokutanoz","romatoloji","","","","",""
"behcet — neuro-behcet","behcet--neuro-behcet","romatoloji","","","","",""
"behcet — oral-ulserler","behcet--oral-ulserler","romatoloji","","","","",""
"behcet — tedavi","behcet--tedavi","romatoloji","","","","",""
"behcet — uveit","behcet--uveit","romatoloji","","","","",""
"behcet — vaskuler-tutulum","behcet--vaskuler-tutulum","romatoloji","","","","",""
"Gut ve Diğer Kristal Artropatileri","gut-ve-diger-kristal-artropatileri","romatoloji","","","","",""
"IgG4-İlişkili Hastalık","igg4-iliskili-hastalik","romatoloji","","","","",""
"Osteoartrit (OA)","osteoartrit","romatoloji","","","","",""
"Romatoid Artrit (RA)","romatoid-artrit","romatoloji","","","","",""
"Sarkoidoz","sarkoidoz","romatoloji","","","","",""
"Sistemik Lupus Eritematozus (SLE)","sistemik-lupus-eritematozus","romatoloji","","","","",""
"Sistemik Skleroz","sistemik-skleroz","romatoloji","","","","",""
"Sjögren Hastalığı","sjogrens-hastaligi","romatoloji","","","","",""
"sle","sle","romatoloji","","","","",""
"Spondiloartrit (SpA)","spondiloartrit","romatoloji","","","","",""
"Tekrarlayan Polikondrit","tekrarlayan-polikondrit","romatoloji","","","","",""
"Vaskülit Sendromları","vaskulit-sindromlari","romatoloji","","","","",""
